category_id,view_count,like_count,comment_count,duration,duration_seconds
0.6340188348292599,0.029288202340774463,243350.0,-0.33008022284970423,PT57S,-0.32911208729832386
0.017249818382362107,-0.3199201791209225,3393.0,-0.16523475457777764,PT7M50S,0.04443182765655832
0.6340188348292599,2.944977576661188,4178447.0,1.00300802608589,PT47S,-0.3381567341495316
0.42842916268029396,0.5243173143623466,909386.0,0.16240982442890683,PT31S,-0.3526281691114641
0.6340188348292599,-0.21922173735785,44278.0,-0.13817736047521315,PT16S,-0.3661951393882758
0.6340188348292599,0.8011539732460564,1956461.0,0.9745863936252129,PT56S,-0.33001655198344465
-0.18833985376660384,-0.18112813786649365,246338.0,0.12216479286458821,PT1M,-0.3263986932429615
0.6340188348292599,0.37463983440907134,835009.0,0.3675003242651521,PT30S,-0.3535326337965849
-1.2162882145114335,-0.3308871571388576,1569.0,-0.42375792344009566,PT7M17S,0.014584493047572578
0.6340188348292599,1.3210887770207256,2647228.0,1.4579815185164073,PT1M,-0.3263986932429615
0.6340188348292599,-0.0011091726195294133,168522.0,-0.2466343099451566,PT16S,-0.3661951393882758
0.6340188348292599,0.6578887050795864,413243.0,-0.3796475498611249,PT15S,-0.3670996040733966
0.6340188348292599,-0.23393964485285668,92041.0,0.6610389443190242,PT14M51S,0.42521146009240673
0.6340188348292599,-0.31847361120079326,4275.0,-0.42671377321600606,PT24S,-0.35895942190730956
0.6340188348292599,0.2595443675380627,776463.0,0.7654031787146302,PT1M,-0.3263986932429615
0.017249818382362107,-0.30714029010875005,5352.0,-0.4360360686631081,PT10S,-0.3716219274990005
0.6340188348292599,1.5149837210600665,2122004.0,0.8784075893782819,PT17S,-0.36529067470315507
0.6340188348292599,-0.29801126874257,5154.0,-0.3903340836663395,PT16M16S,0.502090958327673
0.6340188348292599,-0.31186924848525155,18095.0,-0.3857866224726312,PT57S,-0.32911208729832386
0.6340188348292599,-0.10517987928845865,162031.0,1.5346062396303926,PT33M30S,1.4373074427425596
0.6340188348292599,-0.024340590354005084,482430.0,0.5223413779109205,PT48S,-0.3372522694644109
0.6340188348292599,-0.23573580505364178,201086.0,6.126177806917684,PT37M52S,1.674277190244204
0.6340188348292599,0.9515891044724047,1762232.0,0.2326680998717004,PT59S,-0.3273031579280823
0.6340188348292599,-0.22033699391133138,175723.0,-0.13863210659458397,PT1M,-0.3263986932429615
0.6340188348292599,0.0780562046932765,645399.0,-0.2639146624812482,PT1M,-0.3263986932429615
0.42842916268029396,-0.20029607886722287,217464.60837887067,6.50384445905516,PT28S,-0.35534156316682647
0.6340188348292599,-0.2997879400394346,36116.0,0.7274318777471657,PT32M27S,1.3803261675799505
-3.0665952638521268,-0.24504976967541414,23771.0,-0.31461885479109597,PT4M9S,-0.15545486775513406
0.6340188348292599,-0.3195011676866326,2085.0,-0.4439941257520977,PT15S,-0.3670996040733966
0.6340188348292599,-0.2595942903516574,70823.0,0.11511622801434031,PT9M10S,0.11678900246622073
0.6340188348292599,-0.24130181990679317,97044.0,-0.2598219474069107,PT33S,-0.3508192397412226
0.6340188348292599,1.1785222907522632,2354591.0,0.6430764726038763,PT45S,-0.3399656635197732
0.42842916268029396,-0.32331918087017425,2504.0,-0.4385371723196477,PT16S,-0.3661951393882758
-0.18833985376660384,1.0122489219197945,1809807.0,4.519787140240219,PT46S,-0.3390611988346524
0.6340188348292599,-0.24269310215526374,22656.0,-0.09133851018001743,PT31M26S,1.325153821787583
0.6340188348292599,1.3849709880921706,1686053.0,0.37568575441382707,PT56S,-0.33001655198344465
-0.5995191980645357,4.65867784924532,1372032.0,0.21174977838064213,PT17S,-0.36529067470315507
0.6340188348292599,-0.3187493147651391,217464.60837887067,-0.4380824262002769,PT23S,-0.35986388659243035
0.6340188348292599,-0.2739653839428068,79362.0,-0.10134292480617574,PT25S,-0.35805495722218883
0.6340188348292599,-0.21192668627671393,93383.0,0.50847162127011,PT18M5S,0.6006776090058381
0.6340188348292599,-0.15622772100268084,341505.0,-0.4189830891867019,PT24S,-0.35895942190730956
0.6340188348292599,1.056818192934689,1522004.0,2.624177941642906,PT58S,-0.3282076226132031
0.6340188348292599,-0.3165802883447188,4210.0,-0.4426298873939852,PT15S,-0.3670996040733966
0.6340188348292599,-0.14188573996842088,291441.0,-0.1986585943515338,PT1M,-0.3263986932429615
0.6340188348292599,-0.1932325189196379,94344.0,0.5171117975381558,PT36M5S,1.5774994689362805
0.017249818382362107,-0.05528297009646482,448750.0,1.7990411080445314,PT47S,-0.3381567341495316
0.6340188348292599,-0.29706420465122857,57891.0,-0.4019301097102957,PT2M1S,-0.27122634745059393
0.6340188348292599,0.3523027318730945,1327245.0,0.4818689732869164,PT59S,-0.3273031579280823
0.6340188348292599,-0.07666487474235661,192593.0,1.0985047111537647,PT18M7S,0.6024865383760796
0.6340188348292599,-0.2252380908503535,159716.0,-0.11180208555170487,PT24S,-0.35895942190730956
0.017249818382362107,-0.27709673539379553,82339.0,-0.20479766696304003,PT52S,-0.33363441072392774
0.6340188348292599,0.5847739881727969,1213501.0,0.6392111305892243,PT56S,-0.33001655198344465
-0.39392952591556973,-0.11619755261638516,314515.0,4.656893095230526,PT26M2S,1.03210726380845
0.6340188348292599,0.20810139232348623,790011.0,-0.32371377717851263,PT24S,-0.35895942190730956
0.42842916268029396,-0.3169934611610986,12815.0,-0.4346718303049956,PT1M,-0.3263986932429615
-0.18833985376660384,-0.04088067009924443,129750.0,-0.3930625603825645,PT15S,-0.3670996040733966
0.6340188348292599,-0.3295747968979988,921.0,-0.42557690791757896,PT22M44S,0.8530232561545357
0.6340188348292599,0.22244731945812676,73537.0,-0.2764201807639461,PT16S,-0.3661951393882758
0.6340188348292599,1.6916633189931223,1820122.0,1.4170543677730325,PT45S,-0.3399656635197732
0.6340188348292599,8.07994619468848,4130446.0,1.1592133180897708,PT15S,-0.3670996040733966
-0.18833985376660384,0.11946094480092086,128162.0,-0.19502062539656714,PT13S,-0.36890853344363816
0.6340188348292599,0.06059744861963775,219620.0,1.5925863698501737,PT34M14S,1.477103888887874
-0.18833985376660384,1.9359694940628374,1630038.0,1.9452419854222538,PT26S,-0.35715049253706804
0.017249818382362107,0.3085542900036931,421169.0,1.9800300635541224,PT38S,-0.34629691631561865
-0.5995191980645357,-0.3124358360205094,14704.0,-0.4105702859783415,PT16S,-0.3661951393882758
0.6340188348292599,0.008333805324889964,467959.0,0.07259746585316752,PT1M1S,-0.3254942285578407
-0.5995191980645357,-0.0044820415203423525,183237.0,-0.21707581218605249,PT18S,-0.3643862100180343
0.42842916268029396,-0.09018691249039273,160162.0,-0.1759212883829922,PT22S,-0.36076835127755114
-0.18833985376660384,-0.08064214126268632,426584.0,1.6762596558144067,PT59S,-0.3273031579280823
0.017249818382362107,-0.32990139710398814,839.0,-0.4451309910505248,PT27S,-0.35624602785194726
0.6340188348292599,-0.1466453410223676,389715.0,-0.3932899334422499,PT25S,-0.35805495722218883
0.22283949053132804,-0.19080506319061938,31935.0,-0.17137382718928387,PT20S,-0.3625772806477927
-0.39392952591556973,0.0876728513207722,407264.0,-0.03358575301992176,PT21S,-0.3616728159626719
0.017249818382362107,-0.22234080757806238,132273.0,0.9889108963853941,PT53S,-0.33272994603880696
-0.5995191980645357,-0.2467591962004871,217464.60837887067,-0.4421751412746143,PT15S,-0.3670996040733966
0.8396085069782259,-0.2724617988988111,25812.0,-0.37737381926427077,PT13S,-0.36890853344363816
0.6340188348292599,0.21301903872430858,525169.0,-0.18660782218820673,PT12S,-0.36981299812875895
0.42842916268029396,-0.32374221893750554,2629.0,-0.4408109029165019,PT11S,-0.37071746281387974
0.6340188348292599,0.20453033254437472,217464.60837887067,0.5191581550753246,PT6S,-0.3752397862394836
0.6340188348292599,6.181417747684367,4421091.0,1.552341338285855,PT15S,-0.3670996040733966
-0.5995191980645357,1.1803587172834624,1926556.0,1.8270079943858375,PT42S,-0.34267905757513556
-0.5995191980645357,0.5568947889839347,830841.0,1.684672459022767,PT18S,-0.3643862100180343
-0.5995191980645357,-0.2536076131446691,27459.0,-0.4230758042610394,PT46S,-0.3390611988346524
0.42842916268029396,-0.32415011686460116,14952.0,-0.244133206288617,PT32S,-0.3517237044263433
0.42842916268029396,-0.19457536077262022,217464.60837887067,7.621610420468664,PT31S,-0.3526281691114641
0.6340188348292599,-0.3223651507036712,4884.0,-0.34304048725177294,PT23S,-0.35986388659243035
0.6340188348292599,-0.25569256346718466,20970.0,-0.4230758042610394,PT14S,-0.3680040687585174
0.6340188348292599,-0.32757907676368103,1711.0,-0.42375792344009566,PT54M24S,2.5715061578840177
-0.5995191980645357,-0.24256106885783565,18552.0,-0.4335349650065685,PT19S,-0.3634817453329135
0.6340188348292599,-0.11919268307158272,131194.0,0.6126084826060306,PT36M25S,1.5955887626386962
-0.39392952591556973,-0.2627382854303962,20528.0,-0.3985195138150145,PT44S,-0.340870128204894
-0.5995191980645357,0.16877008636785898,595278.0,0.9534406990744693,PT31S,-0.3526281691114641
0.42842916268029396,-0.32877671822918986,350.0,-0.4451309910505248,PT6S,-0.3752397862394836
-0.18833985376660384,-0.020176810191196926,430329.0,0.629206715963066,PT54S,-0.33182548135368617
0.6340188348292599,2.87625350042276,426407.0,-0.2241243770363004,PT10S,-0.3716219274990005
-0.5995191980645357,0.21510084827305181,351168.0,0.2501758254674774,PT1M,-0.3263986932429615
0.6340188348292599,-0.2556971135625215,60952.0,-0.3976100215762728,PT19S,-0.3634817453329135
0.6340188348292599,0.07398858052749738,204457.0,1.2945002886025934,PT39M54S,1.7846218818289392
-0.5995191980645357,-0.3314117871578239,217464.60837887067,-0.4469499755280081,PT10S,-0.3716219274990005
0.6340188348292599,-0.28133762557934683,58563.0,1.0857718198113813,PT33M47S,1.4526833423896128
0.6340188348292599,0.19708408139253344,611573.0,0.3872817804577833,PT58S,-0.3282076226132031
0.42842916268029396,-0.13728849275870414,63899.0,-0.42807801157411857,PT19S,-0.3634817453329135
-3.0665952638521268,0.48957500101870116,77842.0,0.6173833168594244,PT3M39S,-0.18258880830875748
-0.5995191980645357,-0.3054326755685457,4785.0,-0.4389919184390185,PT16S,-0.3661951393882758
-0.5995191980645357,-0.2107272328263365,82329.0,0.02507649637891557,PT34S,-0.3499147750561018
-0.5995191980645357,1.1561352982329032,396141.0,-0.3278064922528501,PT20S,-0.3625772806477927
-0.39392952591556973,-0.2708659234255061,16690.0,-0.43717293396153517,PT19S,-0.3634817453329135
-1.2162882145114335,0.005859680918921407,443946.0,-0.020852861677538467,PT24S,-0.35895942190730956
0.6340188348292599,-0.17675734849902622,271383.0,-0.36714203157842706,PT54S,-0.33182548135368617
0.6340188348292599,-0.2999364019996717,9116.0,-0.36850626993653957,PT14S,-0.3680040687585174
0.6340188348292599,0.708941257954467,434811.0,-0.3359919224015251,PT15S,-0.3670996040733966
-0.39392952591556973,-0.18984193283344272,217464.60837887067,-0.42125681978355606,PT23S,-0.35986388659243035
-0.18833985376660384,0.43940351571961306,660682.0,-0.3012038442696564,PT19S,-0.3634817453329135
-0.5995191980645357,-0.25638301023479654,13624.0,-0.4346718303049956,PT11S,-0.37071746281387974
-0.18833985376660384,-0.25484765505610407,3469.0,-0.44604048328926643,PT6S,-0.3752397862394836
-0.18833985376660384,-0.3216461551077957,6322.0,-0.43103386135002897,PT44S,-0.340870128204894
-0.18833985376660384,-0.18021050846268502,45572.0,-0.4233031773207248,PT44S,-0.340870128204894
-0.5995191980645357,0.9472935326101509,396698.0,-0.014259042946661403,PT11S,-0.37071746281387974
-0.18833985376660384,-0.14097406998151354,59412.0,-0.014259042946661403,PT22S,-0.36076835127755114
0.6340188348292599,0.24076918432419336,217464.60837887067,-0.30643342464242096,PT54S,-0.33182548135368617
0.6340188348292599,-0.3304102427214321,1584.0,-0.4292148768725456,PT1M47S,-0.28388885304228484
0.42842916268029396,-0.32644642515546074,7635.0,-0.4399014106777602,PT54S,-0.33182548135368617
-0.5995191980645357,0.863480615440941,425888.0,-0.295519517777521,PT17S,-0.36529067470315507
0.6340188348292599,-0.15515397903585645,287051.0,0.15854448241425478,PT51S,-0.33453887540904853
-0.5995191980645357,-0.31760997894607007,5174.0,-0.4412656490358727,PT39S,-0.34539245163049787
-0.18833985376660384,-0.2714002173637718,8306.0,-0.35418176717635835,PT5M10S,-0.10028252196276649
0.6340188348292599,0.47513118643482377,1431608.0,-0.23503828390120035,PT53S,-0.33272994603880696
0.6340188348292599,0.48810600475253124,741078.0,-0.34122150277428964,PT28S,-0.35534156316682647
0.6340188348292599,-0.2601991309008087,10587.0,-0.3459963370276834,PT28M42S,1.176821613427775
0.6340188348292599,-0.323249640917549,2132.0,-0.44604048328926643,PT38S,-0.34629691631561865
-0.5995191980645357,0.07497144138657696,364764.0,1.1362486390615436,PT18S,-0.3643862100180343
0.6340188348292599,-0.23086555212371693,40228.0,-0.40693231702337485,PT22S,-0.36076835127755114
0.42842916268029396,-0.31174136261985613,15665.0,-0.295519517777521,PT49S,-0.3363478047792901
0.6340188348292599,-0.2858956533832402,27936.0,-0.40920604762022905,PT13S,-0.36890853344363816
-1.0106985423624675,-0.3205781712262205,3580.0,-0.44604048328926643,PT17S,-0.36529067470315507
-0.39392952591556973,-0.28629642416985246,10039.0,-0.4378550531405914,PT17S,-0.36529067470315507
-0.5995191980645357,-0.3313919761232601,304.0,-0.44308463351335603,PT30S,-0.3535326337965849
0.42842916268029396,-0.3238141346036253,217464.60837887067,-0.43126123440971437,PT19S,-0.3634817453329135
-1.2162882145114335,-0.19259031121586223,114935.0,-0.3112082588958147,PT31S,-0.3526281691114641
0.42842916268029396,-0.32797296200779247,1625.0,-0.4437667526924123,PT23S,-0.35986388659243035
-1.0106985423624675,-0.32880575025341846,904.0,-0.4435393796327268,PT15S,-0.3670996040733966
-0.39392952591556973,-0.2997021727556524,10469.0,-0.4192104622463873,PT13S,-0.36890853344363816
-1.0106985423624675,-0.328960091097896,941.0,-0.4435393796327268,PT15S,-0.3670996040733966
-0.5995191980645357,-0.3282823282243646,217464.60837887067,-0.44604048328926643,PT26S,-0.35715049253706804
0.6340188348292599,0.2429268153731065,431709.0,3.3315355303242353,PT37M49S,1.6715637961888417
0.42842916268029396,-0.21994290733556787,217464.60837887067,-0.44444887187146853,PT22S,-0.36076835127755114
-0.18833985376660384,-0.20755835315540178,171939.0,-0.01607802742414473,PT1M9S,-0.3182585110768745
-1.0106985423624675,-0.3058123870643514,18150.0,0.578957269772589,PT37M18S,1.6435253909500975
0.6340188348292599,0.06251432727900454,84217.0,-0.3218947927010293,PT59S,-0.3273031579280823
-0.18833985376660384,-0.27630687105639107,27529.0,-0.3766917000852145,PT21S,-0.3616728159626719
-0.18833985376660384,-0.3071227742550199,3029.0,-0.4405835298568164,PT8S,-0.37343085686924204
0.8396085069782259,0.4902324696617038,1021308.0,0.28132593464437944,PT11S,-0.37071746281387974
-0.39392952591556973,-0.32747539096286454,882.0,-0.4442214988117831,PT19S,-0.3634817453329135
-0.5995191980645357,0.25509364950472313,350833.0,1.3097342836015162,PT34S,-0.3499147750561018
0.6340188348292599,-0.31457063606007774,2442.0,-0.4455857371698956,PT8S,-0.37343085686924204
0.6340188348292599,-0.30942339104323374,8211.0,-0.3821486535176645,PT13M22S,0.3447141031166573
0.42842916268029396,-0.19912275826528422,217464.60837887067,-0.42966962299191647,PT19S,-0.3634817453329135
0.6340188348292599,-0.3093389122820248,14429.0,-0.43239809970814147,PT30S,-0.3535326337965849
-4.9169023131928205,9.577589498701936,2148424.0,-0.19502062539656714,PT13S,-0.36890853344363816
0.42842916268029396,-0.3303249586336149,217464.60837887067,0.000780498324449682,PT10S,-0.3716219274990005
-0.5995191980645357,-0.33056977792253306,1364.0,-0.4189830891867019,PT1M7S,-0.32006744044711605
0.6340188348292599,0.10529388070598007,461066.0,-0.10725462435799656,PT35S,-0.349010310370981
0.6340188348292599,-0.28674261537717194,55569.0,-0.38919721836791243,PT51S,-0.33453887540904853
-0.5995191980645357,0.024477583846193002,357265.0,0.12603013487924028,PT15S,-0.3670996040733966
-3.0665952638521268,-0.3033739386271298,8045.0,-0.43376233806625397,PT4M8S,-0.15635933244025485
0.6340188348292599,-0.25081192182401296,21407.0,-0.20047757882901712,PT48M48S,2.267606023683436
0.017249818382362107,-0.31308416420650803,7429.0,-0.2661883930781023,PT3M41S,-0.1807798789385159
0.017249818382362107,-0.32168271693581174,217464.60837887067,-0.4437667526924123,PT17S,-0.36529067470315507
0.6340188348292599,-0.31595958286138426,5995.0,-0.4219389389626123,PT22S,-0.36076835127755114
0.6340188348292599,-0.21854522274056143,175637.0,-0.4057954517249478,PT27S,-0.35624602785194726
0.6340188348292599,0.220370905597659,43097.0,-0.4389919184390185,PT8S,-0.37343085686924204
-0.18833985376660384,-0.3097716948013164,5665.0,-0.3507711712810771,PT14S,-0.3680040687585174
-0.5995191980645357,-0.326221577966428,1228.0,-0.4451309910505248,PT24S,-0.35895942190730956
0.6340188348292599,-0.14346571024121227,219320.0,-0.28051289583828354,PT19S,-0.3634817453329135
0.6340188348292599,-0.3258094520746389,5976.0,-0.44490361799083933,PT16S,-0.3661951393882758
-0.18833985376660384,-0.0058059179316995915,292972.0,0.221526819947115,PT23S,-0.35986388659243035
-0.5995191980645357,-0.13463272693623723,79263.0,-0.24231422181113366,PT14S,-0.3680040687585174
-0.5995191980645357,-0.2600298512477475,217464.60837887067,-0.44490361799083933,PT20S,-0.3625772806477927
0.6340188348292599,-0.32520267874162767,5421.0,-0.44149302209555813,PT31S,-0.3526281691114641
0.6340188348292599,5.2776644434671045,1474630.0,3.3633677586801936,PT11S,-0.37071746281387974
0.6340188348292599,-0.2936853763335144,2270.0,-0.44604048328926643,PT17S,-0.36529067470315507
0.6340188348292599,0.847571428560631,1181041.0,1.4677585600828802,PT39S,-0.34539245163049787
0.6340188348292599,0.3762950624534068,637578.0,-0.2573208437503711,PT15S,-0.3670996040733966
-0.5995191980645357,0.06563460548912936,72485.0,-0.4260316540369498,PT22S,-0.36076835127755114
0.6340188348292599,-0.3197003249568611,3664.0,-0.4303517421709727,PT18M19S,0.613340114597529
-0.39392952591556973,-0.15250099159018812,202294.0,0.0610014398092113,PT18S,-0.3643862100180343
-0.5995191980645357,-0.31976668386938367,2958.0,-0.44490361799083933,PT37S,-0.34720138100073944
0.42842916268029396,-0.32665899111371716,758.0,-0.4424025143342998,PT6S,-0.3752397862394836
-0.5995191980645357,0.975550993706924,436405.0,-0.32530538859631053,PT20S,-0.3625772806477927
0.6340188348292599,0.023367964578969586,188469.0,-0.3946541718003624,PT14S,-0.3680040687585174
0.6340188348292599,-0.3260506876601502,7621.0,-0.417391477768904,PT1M1S,-0.3254942285578407
-0.5995191980645357,0.3169999917427446,217464.60837887067,-0.2634599163618774,PT45S,-0.3399656635197732
0.6340188348292599,0.45666577210083065,80088.0,1.3006393612140994,PT34M33S,1.4942887179051687
-0.5995191980645357,0.17131785789215506,358387.0,1.2360654122634414,PT36S,-0.3481058456858602
-0.39392952591556973,-0.32047142518429256,217464.60837887067,-0.4453583641102102,PT11S,-0.37071746281387974
-0.5995191980645357,-0.15506583603857982,207061.0,-0.3751000886674166,PT12S,-0.36981299812875895
-0.5995191980645357,0.7545384478521745,330440.0,-0.4203473275448144,PT24S,-0.35895942190730956
0.6340188348292599,-0.2444301111166704,15215.0,-0.3610029589669208,PT16M4S,0.4912373821062237
0.6340188348292599,-0.023860092233172737,161425.0,1.1339749084646895,PT41M40S,1.8804951384517419
0.6340188348292599,0.982240076781657,1545437.0,-0.013804296827290572,PT50S,-0.3354433400941693
0.6340188348292599,0.5822945888775442,1238922.0,1.1148755714511145,PT1M,-0.3263986932429615
-3.0665952638521268,-0.3308326767938072,269.0,-0.44604048328926643,PT36S,-0.3481058456858602
0.22283949053132804,-0.146266998581796,98823.0,-0.16500738151809222,PT14S,-0.3680040687585174
0.6340188348292599,-0.2399014777339794,217464.60837887067,-0.43126123440971437,PT53S,-0.33272994603880696
0.6340188348292599,-0.3254675909294225,2209.0,-0.4435393796327268,PT56S,-0.33001655198344465
-0.18833985376660384,-0.330853856883605,1931.0,-0.440356156797131,PT28S,-0.35534156316682647
-0.39392952591556973,-0.2867164825287331,30659.0,-0.3491795598632792,PT49S,-0.3363478047792901
0.6340188348292599,-0.33154877321389287,34.0,-0.4467226024683227,PT35S,-0.349010310370981
0.6340188348292599,-0.3302174877977394,356.0,-0.44626785634895183,PT13S,-0.36890853344363816
0.22283949053132804,-0.32783263384629907,1651.0,-0.4419477682149289,PT13S,-0.36890853344363816
-0.5995191980645357,-0.330333334030341,641.0,-0.4451309910505248,PT28S,-0.35534156316682647
0.6340188348292599,-0.30842200767216366,34041.0,-0.35259015575856045,PT33S,-0.3508192397412226
0.6340188348292599,0.2194797311729325,270922.0,-0.40261222888935194,PT16S,-0.3661951393882758
-0.18833985376660384,0.7767639321202432,497044.0,-0.3635040626234604,PT18S,-0.3643862100180343
-0.5995191980645357,-0.3311442979248825,288.0,-0.4469499755280081,PT33S,-0.3508192397412226
0.6340188348292599,-0.07531087911584958,397647.0,0.007114024663767703,PT46S,-0.3390611988346524
-1.0106985423624675,-0.2654746241800218,32562.0,-0.39510891791973324,PT13S,-0.36890853344363816
-1.2162882145114335,-0.28733062460021014,22710.0,-0.09861444808995075,PT16S,-0.3661951393882758
0.6340188348292599,0.3877966968065813,111064.0,-0.3594113475491229,PT9S,-0.3725263921841213
-0.5995191980645357,-0.17903352362467867,17035.0,-0.4346718303049956,PT11S,-0.37071746281387974
0.6340188348292599,-0.3293636402613068,1147.0,-0.44490361799083933,PT57S,-0.32911208729832386
-0.18833985376660384,1.5066404568655887,539531.0,-0.190018418083488,PT11S,-0.37071746281387974
0.6340188348292599,-0.22772787885885318,34586.0,-0.13931422577364022,PT11S,-0.37071746281387974
0.6340188348292599,-0.13153809837858624,217464.60837887067,-0.37464534254804577,PT53S,-0.33272994603880696
0.6340188348292599,1.7182390970664778,998999.0,-0.30620605158273556,PT53S,-0.33272994603880696
0.6340188348292599,0.12521242637195992,660990.0,-0.31598309314920847,PT46S,-0.3390611988346524
0.6340188348292599,-0.3124799276523129,13252.0,-0.39260781426319363,PT47S,-0.3381567341495316
0.6340188348292599,0.03908552399283858,350130.0,0.5589484405202725,PT52S,-0.33363441072392774
0.6340188348292599,-0.3126673271540605,17219.0,-0.2173031852457379,PT45S,-0.3399656635197732
0.22283949053132804,-0.3119105617402565,7253.0,-0.41216189739613945,PT13M33S,0.3546632146529859
-0.39392952591556973,0.457851897395841,217464.60837887067,-0.37146211971244997,PT23S,-0.35986388659243035
0.6340188348292599,-0.2561517204328975,111109.0,-0.42080207366418526,PT47S,-0.3381567341495316
0.6340188348292599,0.45787416467656006,243923.0,-0.3778285653836416,PT35S,-0.349010310370981
0.6340188348292599,-0.32602564200263257,1233.0,-0.44604048328926643,PT11S,-0.37071746281387974
-0.18833985376660384,-0.14783186898068207,51706.0,0.9270654241509609,PT1H56M,5.914407634090421
-0.18833985376660384,-0.2594757865412485,217464.60837887067,-0.40966079373959985,PT31S,-0.3526281691114641
0.6340188348292599,-0.18602802681560332,44855.0,-0.4017027366506103,PT9S,-0.3725263921841213
-0.18833985376660384,-0.3120896663779388,4989.0,-0.4062501978443186,PT4M40S,-0.12741646251638988
-0.18833985376660384,-0.3121940769727027,29016.0,0.11056876682063199,PT15M8S,0.44058735973946
0.42842916268029396,-0.3063327488522938,24194.0,-0.4244400426191519,PT51S,-0.33453887540904853
0.6340188348292599,0.1858680561209867,82138.0,-0.4412656490358727,PT5S,-0.3761442509246044
0.6340188348292599,0.26726712758085813,691043.0,0.3179329972537314,PT1M,-0.3263986932429615
-0.5995191980645357,-0.024873193106393375,328891.0,0.7533524065513031,PT28S,-0.35534156316682647
0.6340188348292599,-0.32865064434866303,5188.0,-0.42080207366418526,PT1M38S,-0.29202903520837187
-0.5995191980645357,-0.285370741499961,29710.0,-0.2188947966635358,PT6S,-0.3752397862394836
0.6340188348292599,-0.019927601872263598,450070.0,-0.1959301176353088,PT48S,-0.3372522694644109
0.6340188348292599,-0.33153939115890635,12.0,-0.4471773485876935,PT27S,-0.35624602785194726
0.6340188348292599,-0.25859363177453476,71088.0,-0.22094115420070456,PT1M,-0.3263986932429615
0.6340188348292599,-0.30515258297418474,4136.0,-0.440356156797131,PT9S,-0.3725263921841213
0.6340188348292599,-0.13247791453045307,38775.0,0.07123322749505502,PT4H45M50S,15.130902775471169
0.6340188348292599,3.638793508671458,2964109.0,2.935224287292555,PT59S,-0.3273031579280823
0.6340188348292599,-0.3299848289406063,99.0,-0.4469499755280081,PT11S,-0.37071746281387974
0.6340188348292599,-0.33139221772124255,23.0,-0.4469499755280081,PT19S,-0.3634817453329135
-0.5995191980645357,0.5730556001630029,121015.0,-0.41807359694796026,PT11S,-0.37071746281387974
-0.5995191980645357,-0.23812198779398577,20135.0,-0.05336720921255296,PT8S,-0.37343085686924204
-0.5995191980645357,-0.3139489641848133,3310.0,-0.44490361799083933,PT12S,-0.36981299812875895
-0.18833985376660384,0.08206524134830298,158166.0,-0.42512216179820816,PT19S,-0.3634817453329135
0.6340188348292599,-0.1247720260801012,217464.60837887067,-0.4273958923950623,PT18S,-0.3643862100180343
-0.39392952591556973,0.19362999530327513,217464.60837887067,3.013440619824338,PT34S,-0.3499147750561018
0.6340188348292599,-0.11053485830390934,217464.60837887067,-0.4410382759761873,PT12S,-0.36981299812875895
0.6340188348292599,-0.3294579037408064,638.0,-0.44331200657304143,PT19M48S,0.6938374715732784
-1.0106985423624675,-0.32983044782979837,217464.60837887067,-0.4412656490358727,PT14S,-0.3680040687585174
-0.5995191980645357,-0.3309992586027306,899.0,-0.3648683009815729,PT43S,-0.3417745928900148
-0.18833985376660384,-0.33121879063614873,97.0,-0.4467226024683227,PT59S,-0.3273031579280823
-1.0106985423624675,-0.3314210081474887,217464.60837887067,0.000780498324449682,PT18S,-0.3643862100180343
0.42842916268029396,-0.3183787034600071,19296.0,-0.42853275769348936,PT58S,-0.3282076226132031
0.6340188348292599,0.7178389492524176,1256104.0,7.491098284209236,PT41S,-0.34358352226025635
0.6340188348292599,-0.3312145626714552,258.0,-0.44604048328926643,PT56S,-0.33001655198344465
0.6340188348292599,0.6309095791744722,458553.0,-0.3755548347867875,PT41S,-0.34358352226025635
-0.18833985376660384,-0.29760953156402775,7197.0,-0.4399014106777602,PT27S,-0.35624602785194726
-3.0665952638521268,-0.3308349317083104,235.0,-0.4471773485876935,PT1M,-0.3263986932429615
-0.5995191980645357,0.6184862082517869,1172467.0,0.06645839324166128,PT56S,-0.33001655198344465
-0.18833985376660384,-0.3313633467623356,217464.60837887067,-0.4471773485876935,PT23S,-0.35986388659243035
-2.0386469031072973,-0.3197947092353519,3238.0,-0.39942900605375614,PT15S,-0.3670996040733966
0.6340188348292599,-0.33026415647468943,452.0,-0.4467226024683227,PT24S,-0.35895942190730956
0.6340188348292599,-0.3312133546815428,426.0,-0.4467226024683227,PT59S,-0.3273031579280823
0.42842916268029396,-0.18467246080221014,210341.0,-0.26868949673464193,PT44S,-0.340870128204894
0.42842916268029396,0.23851479328329495,217464.60837887067,-0.43535394948405187,PT15S,-0.3670996040733966
0.6340188348292599,1.4606852992904993,144821.0,-0.2625504241231357,PT8S,-0.37343085686924204
0.42842916268029396,-0.331532062686771,23.0,-0.4469499755280081,PT45S,-0.3399656635197732
0.6340188348292599,-0.3289757949667575,173.0,-0.4471773485876935,PT10S,-0.3716219274990005
-1.0106985423624675,-0.29195336039707903,7121.0,-0.4435393796327268,PT10S,-0.3716219274990005
-0.5995191980645357,-0.14057587624004778,20716.0,-0.4442214988117831,PT15S,-0.3670996040733966
0.6340188348292599,2.8422083985902358,1181196.0,-0.16773585823431722,PT17S,-0.36529067470315507
-0.5995191980645357,2.107793898673543,2466928.0,0.6112442442479181,PT56S,-0.33001655198344465
-0.18833985376660384,-0.11111932408987109,61780.0,-0.1547755938322485,PT4M28S,-0.13827003873783925
0.42842916268029396,-0.3264339425930323,2306.0,-0.44581311022958103,PT29S,-0.3544370984817057
-0.5995191980645357,-0.21046715259819135,65075.0,-0.40079324441186864,PT10S,-0.3716219274990005
0.42842916268029396,-0.17044636626688217,62505.0,-0.3803296690401812,PT16S,-0.3661951393882758
0.6340188348292599,0.4717892018094385,451980.0,4.124385389447281,PT19M13S,0.6621812075940511
-0.5995191980645357,-0.3256805192846527,560.0,-0.44604048328926643,PT12S,-0.36981299812875895
-0.18833985376660384,-0.287784828807282,21642.0,0.0992001138363612,PT20M45S,0.7453919586251628
-1.0106985423624675,-0.31791258041913256,2223.0,-0.44149302209555813,PT7S,-0.37433532155436283
0.6340188348292599,-0.07947397475104069,445870.0,0.1760522080100318,PT1M1S,-0.3254942285578407
-0.39392952591556973,-0.325268916855159,217464.60837887067,-0.4426298873939852,PT43S,-0.3417745928900148
-0.5995191980645357,-0.30544725198015565,2435.0,-0.4467226024683227,PT6S,-0.3752397862394836
-0.5995191980645357,-0.22257298323923053,74116.0,-0.28483298397230644,PT13S,-0.36890853344363816
0.6340188348292599,-0.23655526514390066,76764.0,0.6774098046163742,PT16M42S,0.5256070401408133
-0.5995191980645357,-0.3302548549523638,345.0,-0.4471773485876935,PT24S,-0.35895942190730956
0.6340188348292599,-0.03605777037388664,194778.0,2.8356348871503427,PT16M52S,0.5346516869920211
0.6340188348292599,0.5114341824789922,217464.60837887067,-0.44172039515524353,PT6S,-0.3752397862394836
0.6340188348292599,-0.15147021379791567,257456.0,-0.3548638863554146,PT51S,-0.33453887540904853
0.6340188348292599,0.8240661595130084,217464.60837887067,-0.11521268144698611,PT14S,-0.3680040687585174
0.6340188348292599,-0.33156318856018113,2.0,-0.4471773485876935,PT20S,-0.3625772806477927
-4.9169023131928205,-0.17025248388593792,45260.0,-0.40534070560557695,PT12S,-0.36981299812875895
0.42842916268029396,-0.31999418863622375,16726.0,-0.24549744464672948,PT19M18S,0.666703531019655
0.6340188348292599,-0.20091593875761868,217464.60837887067,-0.33394556486435634,PT9S,-0.3725263921841213
0.6340188348292599,0.3887196413660046,709022.0,0.8715863975877195,PT58S,-0.3282076226132031
0.6340188348292599,-0.31468229459431624,19816.0,0.05122439824273841,PT14M40S,0.41526234855607813
0.6340188348292599,-0.3307076095715408,377.0,-0.44626785634895183,PT58S,-0.3282076226132031
0.6340188348292599,-0.3311256546139007,282.0,-0.44649522940863723,PT56S,-0.33001655198344465
0.017249818382362107,-0.2676320538972829,24567.0,-0.09202062935907368,PT20S,-0.3625772806477927
0.6340188348292599,-0.0903808754039978,252198.0,-0.2593672012875399,PT41S,-0.34358352226025635
-3.0665952638521268,-0.3048939926002649,4871.0,-0.4451309910505248,PT16S,-0.3661951393882758
-0.5995191980645357,1.010826634596905,1663541.0,-0.2088903820373775,PT48S,-0.3372522694644109
0.6340188348292599,-0.2856033600907637,55294.0,0.6533082602897201,PT27M48S,1.1279805204312527
0.6340188348292599,-0.3206729581680155,11290.0,-0.41261664351551025,PT58S,-0.3282076226132031
0.6340188348292599,0.36708075699940956,828343.0,0.25631489807898367,PT56S,-0.33001655198344465
-3.0665952638521268,-0.3198989184984638,1255.0,-0.44626785634895183,PT5S,-0.3761442509246044
0.6340188348292599,-0.1709461116936525,76633.0,-0.3330360726256147,PT8S,-0.37343085686924204
-0.18833985376660384,-0.3228140397551284,14038.0,-0.42830538463380396,PT41S,-0.34358352226025635
0.6340188348292599,0.2531717375540546,632659.0,-0.2777844191220586,PT1M,-0.3263986932429615
0.6340188348292599,-0.3186811036014175,19299.0,0.13376081890854444,PT8M25S,0.07608809163578563
-0.5995191980645357,0.8381935612724913,385458.0,-0.21366521629077126,PT36S,-0.3481058456858602
0.42842916268029396,-0.20310095091121344,142107.0,-0.3766917000852145,PT58S,-0.3282076226132031
0.6340188348292599,-0.2633326567336398,30137.0,-0.24185947569176283,PT25M48S,1.0194447582167592
-0.5995191980645357,-0.33014206896087367,126.0,-0.44331200657304143,PT10S,-0.3716219274990005
0.22283949053132804,1.7354735294133792,3061219.0,2.264473761220578,PT1M,-0.3263986932429615
0.6340188348292599,0.0050268524069650294,217368.0,1.0136945598911045,PT27M15S,1.0981331858222672
0.42842916268029396,-0.26288050610941904,6555.0,-0.4471773485876935,PT5M43S,-0.07043518735378075
0.42842916268029396,-0.17534319497488038,217464.60837887067,-0.42080207366418526,PT18S,-0.3643862100180343
0.6340188348292599,-0.0747663977959891,83467.0,0.1946967989042359,PT10M17S,0.177388136369313
0.6340188348292599,0.09901325928696833,276100.0,2.368837995616184,PT45S,-0.3399656635197732
-0.18833985376660384,-0.3306588873117396,454.0,-0.44649522940863723,PT49S,-0.3363478047792901
0.6340188348292599,-0.33010027250990376,217464.60837887067,-0.44581311022958103,PT19S,-0.3634817453329135
0.6340188348292599,0.42157382621019895,217464.60837887067,-0.23958574509490868,PT56S,-0.33001655198344465
-0.18833985376660384,-0.3108748311893431,2969.0,-0.4394466645583894,PT8S,-0.37343085686924204
-0.5995191980645357,0.14722808279224042,204109.0,-0.2996122328518585,PT11S,-0.37071746281387974
-0.5995191980645357,-0.32984067547772355,335.0,-0.4453583641102102,PT9S,-0.3725263921841213
-0.5995191980645357,-0.33153931062624553,41.0,-0.4467226024683227,PT50S,-0.3354433400941693
0.6340188348292599,-0.26169623306560774,91350.0,-0.3503164251617063,PT33S,-0.3508192397412226
-0.5995191980645357,-0.2787077107410058,5389.0,-0.44490361799083933,PT8S,-0.37343085686924204
0.6340188348292599,0.30512649782819523,710249.0,-0.23049082270749205,PT49S,-0.3363478047792901
-0.5995191980645357,2.1043080827159186,567006.0,-0.25959457434722527,PT10S,-0.3716219274990005
0.6340188348292599,-0.3263912602827933,1765.0,-0.44604048328926643,PT49S,-0.3363478047792901
-1.0106985423624675,-0.3298861764310916,337.0,-0.4467226024683227,PT14S,-0.3680040687585174
-0.5995191980645357,0.33518700466825413,635651.0,0.36863718956357916,PT1M,-0.3263986932429615
-0.5995191980645357,-0.2910513140631407,6913.0,-0.3832855188160916,PT20M10S,0.7137356946459356
-4.711312641043854,-0.3261983845601094,3740.0,-0.39692790239721654,PT6M,-0.05505928770672749
0.6340188348292599,-0.3121807488173356,16362.0,0.2863281419574586,PT21M27S,0.7833794754002357
-1.0106985423624675,-0.32855183077382666,1046.0,-0.44444887187146853,PT15S,-0.3670996040733966
-0.39392952591556973,-0.33087829854616646,103.0,-0.4469499755280081,PT11S,-0.37071746281387974
0.6340188348292599,-0.3311298423122638,357.0,-0.44626785634895183,PT46S,-0.3390611988346524
-0.5995191980645357,-0.3136768040575439,4890.0,-0.44149302209555813,PT48S,-0.3372522694644109
-2.0386469031072973,-0.33130922881425895,42.0,-0.4471773485876935,PT10S,-0.3716219274990005
0.6340188348292599,-0.29364957956577614,12596.0,0.24449149897534203,PT9M38S,0.14211401364960258
0.6340188348292599,-0.049613068110844864,169445.0,2.906575281772193,PT18M23S,0.6169579733380121
-1.0106985423624675,-0.330986172045346,1129.0,-0.4399014106777602,PT52S,-0.33363441072392774
-3.0665952638521268,-0.3301933279994909,217464.60837887067,-0.4471773485876935,PT5S,-0.3761442509246044
-0.39392952591556973,-0.32724881232162395,217464.60837887067,0.000780498324449682,PT8S,-0.37343085686924204
0.42842916268029396,-0.3138431040021544,1973.0,-0.4471773485876935,PT6M33S,-0.025211953097741744
-0.5995191980645357,-0.33140808265542576,217464.60837887067,-0.4471773485876935,PT19S,-0.3634817453329135
0.42842916268029396,-0.33067382612032326,256.0,-0.44626785634895183,PT55S,-0.3309210166685654
0.6340188348292599,-0.32488211848520043,362.0,-0.4471773485876935,PT8S,-0.37343085686924204
0.6340188348292599,-0.17603275588322312,153735.0,1.8006327194623293,PT3M37S,-0.18439773767899903
-0.5995191980645357,-0.3302247760035444,187.0,-0.4471773485876935,PT12S,-0.36981299812875895
-2.0386469031072973,-0.3283937048942902,274.0,-0.4469499755280081,PT9S,-0.3725263921841213
0.017249818382362107,-0.3311827925367584,166.0,-0.44172039515524353,PT46M21S,2.134649714970681
-1.0106985423624675,-0.3293306218703672,669.0,-0.44626785634895183,PT12S,-0.36981299812875895
-0.5995191980645357,-0.33132122818072235,64.0,-0.4471773485876935,PT13S,-0.36890853344363816
-1.0106985423624675,-0.3315253784759222,47.0,-0.44604048328926643,PT23S,-0.35986388659243035
0.6340188348292599,-0.326067680051585,1615.0,-0.42853275769348936,PT10M31S,0.1900506419610039
-1.6274675588093654,-0.32638598539350905,621.0,-0.44649522940863723,PT11S,-0.37071746281387974
0.42842916268029396,-0.3312427893690756,176.0,-0.4469499755280081,PT25S,-0.35805495722218883
0.42842916268029396,-0.3026075092940264,217464.60837887067,-0.43080648829034357,PT40S,-0.3444879869453771
-0.5995191980645357,-0.264448960211712,4228.0,-0.44331200657304143,PT6S,-0.3752397862394836
0.6340188348292599,-0.33144617460399756,310.0,-0.44604048328926643,PT6S,-0.3752397862394836
0.6340188348292599,-0.3311338689453052,136.0,-0.4451309910505248,PT21S,-0.3616728159626719
-2.0386469031072973,-0.33093378554947717,93.0,-0.4469499755280081,PT9S,-0.3725263921841213
0.6340188348292599,-0.31964926724989595,16633.0,-0.179104511218588,PT9M28S,0.13306936679839476
0.6340188348292599,-0.3302256618628135,854.0,-0.4394466645583894,PT57S,-0.32911208729832386
0.6340188348292599,-0.33125639938875556,34.0,-0.4471773485876935,PT12S,-0.36981299812875895
-0.5995191980645357,-0.3314448055487635,303.0,-0.42102944672387066,PT57S,-0.32911208729832386
-0.18833985376660384,-0.284227137449868,11696.0,-0.3885150991888562,PT21M54S,0.8078000218984966
-1.6274675588093654,-0.3289126573606681,1667.0,-0.41670935858984776,PT8M48S,0.09689077939356357
0.6340188348292599,-0.3167635001481033,15932.0,-0.30211333650839806,PT7M34S,0.02996039269462584
0.6340188348292599,-0.03993888089718729,172242.0,1.0273369434722295,PT38M26S,1.7050289895383106
-2.0386469031072973,-0.3308087585935412,94.0,-0.4471773485876935,PT11S,-0.37071746281387974
-0.5995191980645357,-0.33013002932807983,147.0,-0.4471773485876935,PT6S,-0.3752397862394836
-0.39392952591556973,-0.33032616662352726,217464.60837887067,-0.4471773485876935,PT11S,-0.37071746281387974
0.6340188348292599,-0.33119676495341216,106.0,-0.4469499755280081,PT24S,-0.35895942190730956
0.6340188348292599,-0.33119446977257855,106.0,-0.4469499755280081,PT24S,-0.35895942190730956
-1.0106985423624675,-0.3314731127790446,22.0,-0.4471773485876935,PT23S,-0.35986388659243035
-0.5995191980645357,-0.330265082600289,953.0,-0.44581311022958103,PT27S,-0.35624602785194726
0.6340188348292599,-0.30496993489942603,17279.0,-0.18979104502380256,PT14M17S,0.3944596607983002
0.42842916268029396,-0.004888207995230134,203344.0,-0.4157998663511061,PT42S,-0.34267905757513556
0.6340188348292599,-0.04806245199292541,212188.0,0.9748137666848984,PT33M7S,1.4165047549847816
-1.0106985423624675,-0.33105788637981365,367.0,-0.4467226024683227,PT51S,-0.33453887540904853
-0.5995191980645357,-0.32965480609653175,3060.0,-0.4335349650065685,PT1M20S,-0.3083093995405459
0.6340188348292599,-0.33145330174448084,65.0,-0.44604048328926643,PT55S,-0.3309210166685654
-0.5995191980645357,-0.32762884594807296,416.0,-0.4467226024683227,PT6S,-0.3752397862394836
0.42842916268029396,-0.3312476615950557,100.0,-0.4471773485876935,PT31S,-0.3526281691114641
0.6340188348292599,-0.318551848680788,18473.0,-0.1572766974887881,PT14M6S,0.38451054926197165
0.6340188348292599,-0.3126031023570499,16705.0,-0.29051731046444185,PT11M42S,0.2542676346045793
0.6340188348292599,-0.3309568581568045,155.0,-0.44649522940863723,PT25M23S,0.9968331410887398
-0.5995191980645357,-0.1934546682645329,91926.0,0.08055552294215708,PT10M50S,0.20723547097829872
-0.18833985376660384,-0.31850731411934996,217464.60837887067,-0.44149302209555813,PT55S,-0.3309210166685654
-0.18833985376660384,-0.28421767486222066,18763.0,-0.4301243691112873,PT1M31S,-0.2983602880042173
0.6340188348292599,0.3624883014830121,509957.0,-0.3853318763532603,PT42S,-0.34267905757513556
0.6340188348292599,-0.3312189919678008,145.0,-0.4469499755280081,PT29S,-0.3544370984817057
0.6340188348292599,-0.29762624209114963,25034.0,0.3404429301625876,PT8M53S,0.10141310281916746
0.6340188348292599,-0.320607968310727,13055.0,-0.1629610239809235,PT16M28S,0.5129445345491224
0.017249818382362107,-0.3225781193252318,2274.0,-0.39829214075532904,PT6M18S,-0.038778923374553444
-0.5995191980645357,-0.3271286575916681,721.0,-0.44649522940863723,PT11S,-0.37071746281387974
-0.5995191980645357,-0.3310280892953072,217464.60837887067,-0.44626785634895183,PT46S,-0.3390611988346524
-0.5995191980645357,-0.33049782199008293,104.0,-0.4471773485876935,PT6S,-0.3752397862394836
-0.18833985376660384,-0.2916103717946111,15827.0,-0.3168925853879501,PT3M14S,-0.20520042543677697
-0.5995191980645357,-0.33041181310831824,72.0,-0.4471773485876935,PT6S,-0.3752397862394836
-3.0665952638521268,2.8153464074402965,238675.0,2.682612817982058,PT3M34S,-0.18711113173436136
-0.5995191980645357,-0.12688838414033982,83850.0,-0.09270274853812993,PT4M51S,-0.11746735098006131
-0.18833985376660384,0.76158066664464,1001472.0,0.26381820904860237,PT1M,-0.3263986932429615
0.6340188348292599,-0.327026864308381,8898.0,-0.20275130942587127,PT11M30S,0.24341405838312993
-0.39392952591556973,-0.3303907538175116,183.0,-0.4451309910505248,PT26S,-0.35715049253706804
-0.5995191980645357,-0.3176741232104198,1327.0,-0.4469499755280081,PT6S,-0.3752397862394836
-3.0665952638521268,0.04633225547747762,88912.0,-0.10998310107422155,PT4M36S,-0.131034321256873
-2.0386469031072973,-0.3310112177028636,92.0,-0.4471773485876935,PT10S,-0.3716219274990005
0.6340188348292599,-0.33154088101313167,19.0,-0.4471773485876935,PT36S,-0.3481058456858602
-3.0665952638521268,13.510330759115886,1734503.0,8.702541946213133,PT4M9S,-0.15545486775513406
-0.5995191980645357,-0.3240912072232052,3127.0,-0.39533629097941864,PT59M21S,2.8401321693648893
0.6340188348292599,-0.30069771750881247,16185.0,-0.4360360686631081,PT43S,-0.3417745928900148
-0.5995191980645357,-0.3314705357338981,81.0,-0.4467226024683227,PT37S,-0.34720138100073944
0.42842916268029396,-0.3315474846913196,16.0,-0.4471773485876935,PT37S,-0.34720138100073944
-4.9169023131928205,-0.26731745305775695,58787.0,0.8352067080380529,PT20M40S,0.740869635199559
0.6340188348292599,-0.23103471097778688,71407.0,0.6840036233472513,PT10M1S,0.16291670140738052
0.6340188348292599,-0.33055427538532356,210.0,-0.4471773485876935,PT32S,-0.3517237044263433
-1.6274675588093654,-0.33070958262173106,589.0,-0.4358086956034227,PT12M,0.27054799893675335
0.42842916268029396,-0.3017810428622755,5436.0,-0.4301243691112873,PT9M44S,0.14754080176032724
0.6340188348292599,-0.33087088954137023,807.0,-0.4435393796327268,PT51S,-0.33453887540904853
0.42842916268029396,-0.33147854873365057,34.0,-0.44581311022958103,PT30S,-0.3535326337965849
0.6340188348292599,-0.33061068851423386,75.0,-0.4471773485876935,PT15S,-0.3670996040733966
-0.5995191980645357,-0.2926875766658511,3908.0,-0.44581311022958103,PT16S,-0.3661951393882758
-0.18833985376660384,3.279142376547488,346478.0,0.09601689100076537,PT9M44S,0.14754080176032724
-4.711312641043854,-0.3292723162239275,934.0,-0.4160272394107915,PT8M21S,0.07247023289530251
0.42842916268029396,-0.3189367142668867,14447.0,-0.22094115420070456,PT24M27S,0.946183118721976
-0.5995191980645357,-0.33132750972826697,60.0,-0.4471773485876935,PT28S,-0.35534156316682647
0.6340188348292599,-0.29112020975447933,4775.0,-0.4171641047092186,PT16M28S,0.5129445345491224
0.6340188348292599,-0.30715627584192445,217464.60837887067,-0.42648640015632067,PT43S,-0.3417745928900148
0.6340188348292599,-0.2667053243028007,16351.0,-0.28028552277859814,PT16M18S,0.5038998876979146
0.6340188348292599,-0.2211198921735742,85534.0,0.872950635945832,PT22M33S,0.8430741446182071
0.22283949053132804,-0.2800503512623361,4011.0,-0.43376233806625397,PT34M40S,1.5006199707010142
0.6340188348292599,-0.23386092417689697,92609.0,1.5821272091046445,PT4M51S,-0.11746735098006131
0.6340188348292599,-0.24730081861088818,15284.0,-0.35281752881824585,PT45M16S,2.07585951043783
0.6340188348292599,-0.3309838768645124,468.0,-0.4471773485876935,PT35S,-0.349010310370981
0.6340188348292599,0.1326055662339849,260879.0,1.4541161765017554,PT28M21S,1.1578278550402386
0.6340188348292599,-0.14775274564141821,152565.0,-0.41943783530607276,PT41S,-0.34358352226025635
0.6340188348292599,-0.3266014505275553,3336.0,-0.12089700793912152,PT13M28S,0.35014089122738196
0.42842916268029396,-0.3283554518803967,4690.0,-0.38487713023388953,PT16M7S,0.493950776161586
-4.711312641043854,-0.3270087444596947,322.0,-0.4471773485876935,PT11S,-0.37071746281387974
-0.18833985376660384,0.39564987949358826,604517.0,-0.1477270289820006,PT43S,-0.3417745928900148
-1.6274675588093654,-0.32502417809890166,2652.0,-0.422848431201354,PT9M10S,0.11678900246622073
0.6340188348292599,-0.23101357115431942,57328.0,0.000780498324449682,PT4M34S,-0.13284325062711458
-4.9169023131928205,-0.11618466739065263,15351.0,-0.4471773485876935,PT25M47S,1.0185402935316386
0.42842916268029396,-0.33154051861615796,3.0,-0.4471773485876935,PT20S,-0.3625772806477927
-0.39392952591556973,-0.32185425150337615,3533.0,-0.4217115659029269,PT1M2S,-0.3245897638727199
0.6340188348292599,-0.30271196015512075,15929.0,-0.22935395740906495,PT4M32S,-0.13465217999735613
-0.18833985376660384,-0.3313955195603365,14.0,-0.4471773485876935,PT9S,-0.3725263921841213
-0.5995191980645357,-0.33149747390894524,17.0,-0.44581311022958103,PT38S,-0.34629691631561865
0.6340188348292599,-0.011556151246495826,260818.0,2.5004869971740398,PT11M35S,0.24793638180873384
0.6340188348292599,-0.2877873253197677,16993.0,-0.01721489272257181,PT7M2S,0.0010175227707608775
-0.5995191980645357,-0.33096611941279974,88.0,-0.4471773485876935,PT14S,-0.3680040687585174
0.6340188348292599,-0.18614544343509107,181285.0,0.8283855162474905,PT1M22S,-0.30650047017030435
0.6340188348292599,1.7075646942053322,1429466.0,0.006659278544396871,PT1M,-0.3263986932429615
0.6340188348292599,-0.28803323179960705,50566.0,0.03917362607941136,PT19M15S,0.6639901369642927
-0.5995191980645357,-0.33112376209637123,48.0,-0.4471773485876935,PT13S,-0.36890853344363816
0.6340188348292599,-0.31630849061442307,17096.0,-0.03358575301992176,PT14M59S,0.432447177573373
-0.39392952591556973,-0.2215349172411531,153954.0,1.7087740033494212,PT8M46S,0.095081850023322
0.6340188348292599,-0.3308901771136386,804.0,-0.44581311022958103,PT50S,-0.3354433400941693
-3.0665952638521268,-0.32995483052444774,1199.0,-0.43262547276782687,PT1H26M46S,4.327976576388573
0.42842916268029396,-0.33152038545095086,9.0,-0.4471773485876935,PT40S,-0.3444879869453771
-0.5995191980645357,-0.3297571631084446,103.0,-0.44581311022958103,PT10S,-0.3716219274990005
-0.5995191980645357,-0.32993002646491265,217464.60837887067,-0.4471773485876935,PT10S,-0.3716219274990005
0.6340188348292599,-0.3012794854506365,13505.0,-0.32689700001410843,PT10M1S,0.16291670140738052
-2.0386469031072973,-0.33073418534961413,139.0,-0.4469499755280081,PT8S,-0.37343085686924204
0.6340188348292599,-0.3314755690251999,55.0,0.000780498324449682,PT58S,-0.3282076226132031
0.6340188348292599,-0.30658626566858144,25351.0,-0.18274248017355468,PT11M34S,0.24703191712361305
0.6340188348292599,-0.33128736419684407,90.0,-0.4469499755280081,PT24S,-0.35895942190730956
0.42842916268029396,-0.3315344384002654,217464.60837887067,-0.4469499755280081,PT33S,-0.3508192397412226
0.017249818382362107,-0.3305515372748554,354.0,-0.41989258142544356,PT2M28S,-0.24680580095233287
0.017249818382362107,0.8656365955703071,48267.0,-0.4471773485876935,P0D,-0.3806665743502083
0.6340188348292599,-0.3313395493610608,121.0,-0.4469499755280081,PT50S,-0.3354433400941693
0.6340188348292599,-0.2599971952537816,69507.0,0.325891054342721,PT8M21S,0.07247023289530251
0.6340188348292599,-0.30068857705180846,19667.0,-0.2950647716581502,PT12M35S,0.3022042629159806
0.6340188348292599,-0.3128433715506313,3583.0,-0.4192104622463873,PT16M13S,0.49937756427231067
0.6340188348292599,-0.2872841572549122,8734.0,-0.35872922837006666,PT29M52S,1.2401341413862295
0.6340188348292599,-0.21826319736234057,53773.0,1.9370565552735788,PT14M46S,0.4206891366668028
0.6340188348292599,-0.3302955642124125,1166.0,-0.43717293396153517,PT10M,0.16201223672225973
0.6340188348292599,-0.321401094220895,1631.0,-0.4071596900830603,PT15M21S,0.4523454006460301
-0.18833985376660384,-0.29936325105255635,10677.0,-0.315755720089523,PT2M4S,-0.26851295339523157
0.6340188348292599,-0.3315138623054238,6.0,-0.4471773485876935,PT29S,-0.3544370984817057
0.6340188348292599,-0.3313249729494509,125.0,-0.44649522940863723,PT53S,-0.33272994603880696
-0.18833985376660384,-0.331513298576798,12.0,-0.4471773485876935,PT59S,-0.3273031579280823
0.6340188348292599,-0.331503674923829,26.0,-0.4471773485876935,PT32S,-0.3517237044263433
0.6340188348292599,-0.33121871010348786,145.0,-0.4469499755280081,PT29S,-0.3544370984817057
0.42842916268029396,-0.1352302792795836,248095.0,1.454570922621126,PT28M30S,1.1659680372063257
0.6340188348292599,-0.22183506246806034,75897.0,0.4302552887383269,PT33M9S,1.4183136843550233
0.6340188348292599,-0.33040098146543684,408.0,-0.4380824262002769,PT2M47S,-0.22962097193503803
0.6340188348292599,-0.2292581604799135,64119.0,0.18355551897965053,PT30M47S,1.2898796990678725
0.6340188348292599,-0.2813727780857984,28275.0,-0.22071378114101914,PT13M28S,0.35014089122738196
0.6340188348292599,-0.3086510828258899,15310.0,-0.303704947926196,PT13M58S,0.3772748317810054
0.6340188348292599,-0.30829154476162174,5542.0,-0.39647315627784574,PT16M30S,0.5147534639193639
0.6340188348292599,-0.3098444560603748,8751.0,-0.37032525441402286,PT20M14S,0.7173535533864187
0.6340188348292599,-0.16913465028731,131765.0,0.33225750001391263,PT21M8S,0.7661946463829408
0.42842916268029396,-0.3079212958534634,8504.0,-0.2793760305398565,PT12M32S,0.2994908688606183
-1.0106985423624675,-0.3149414889631923,7744.0,-0.3803296690401812,PT19M24S,0.6721303191303797
0.017249818382362107,-0.3267309470461673,24.0,-0.4467226024683227,PT44M47S,2.049630034569328
-4.711312641043854,-0.3314003112536558,48.0,-0.4471773485876935,PT28S,-0.35534156316682647
0.6340188348292599,-0.31630075947898356,17123.0,-0.21934954278290666,PT10M31S,0.1900506419610039
0.6340188348292599,-0.2964099975809895,31376.0,-0.07860561883763413,PT12M22S,0.2904462220094105
-0.18833985376660384,-0.3315337538726484,14.0,-0.4471773485876935,PT42S,-0.34267905757513556
-0.5995191980645357,-0.33071409245073746,154.0,-0.4471773485876935,PT21S,-0.3616728159626719
-0.5995191980645357,-0.31050148177374287,4065.0,-0.4303517421709727,PT1H30M51S,4.549570424243163
0.6340188348292599,-0.15606782340460615,99282.0,1.5957695926857696,PT38M14S,1.6941754133168612
0.6340188348292599,-0.33136769552602036,18.0,-0.4471773485876935,PT56S,-0.33001655198344465
0.22283949053132804,-0.3313773594453197,39.0,-0.4471773485876935,PT39S,-0.34539245163049787
0.017249818382362107,-0.31770855092292394,7548.0,-0.34144887583397504,PT16M7S,0.493950776161586
0.6340188348292599,-0.3213808402566967,3346.0,-0.41830097000764566,PT20M32S,0.7336339177185928
0.6340188348292599,-0.3154876212025997,6911.0,-0.2429963409901899,PT8M7S,0.05980772730361158
0.6340188348292599,-0.29379441755627594,16415.0,-0.0012987785445926897,PT13M56S,0.37546590241076383
-0.18833985376660384,-0.25363040388768354,8010.0,-0.388969845308227,PT14M53S,0.4270203894626483
-4.711312641043854,-0.3117940712463683,5564.0,-0.28187713419639604,PT19M,0.650423166687481
0.6340188348292599,-0.3258582951334313,2841.0,-0.36282194344440416,PT9M25S,0.13035597274303243
0.6340188348292599,-0.33152634486785215,8.0,-0.4471773485876935,PT15S,-0.3670996040733966
0.6340188348292599,-0.2932760288185239,12795.0,-0.28460561091262104,PT16M38S,0.5219891814003302
-0.18833985376660384,-0.1863543048909494,16556.0,0.000780498324449682,PT15M45S,0.47405255308892885
0.42842916268029396,0.18934924145061377,26618.0,-0.2836961186738794,PT44M40S,2.0432987817734825
0.6340188348292599,-0.33155827606787064,6.0,-0.4471773485876935,PT12M6S,0.275974787047478
0.6340188348292599,-0.2770478520686727,53312.0,0.24153564919943163,PT29M25S,1.2157135948879685
0.6340188348292599,-0.3090977169628439,13010.0,-0.39192569508413744,PT29S,-0.3544370984817057
0.6340188348292599,-0.07281126612272884,205015.0,1.0875908042888647,PT20M19S,0.7218758768120226
0.6340188348292599,-0.33123993045961614,270.0,-0.44604048328926643,PT56S,-0.33001655198344465
0.6340188348292599,-0.3295989164299169,718.0,-0.4399014106777602,PT48M4S,2.2278095775381215
-0.5995191980645357,-0.3314450874130764,43.0,-0.4471773485876935,PT55S,-0.3309210166685654
0.6340188348292599,-0.3258141632352973,10834.0,-0.3503164251617063,PT11M49S,0.26059888740042475
0.6340188348292599,-0.3315697922383691,217464.60837887067,-0.4471773485876935,PT56S,-0.33001655198344465
0.6340188348292599,-0.32975192848549073,1287.0,-0.4362634417227935,PT11M29S,0.24250959369800915
0.6340188348292599,-0.20619960610190585,63684.0,0.010751993618734359,PT17M51S,0.5880151034141471
-3.0665952638521268,-0.11764561039073972,43968.0,-0.17296543860708177,PT4M18S,-0.14731468558904706
1.0451981791271918,-0.006218351520305006,566.0,-0.44012878373744563,PT1H8M20S,3.3276386346449898
0.22283949053132804,-0.31069427696376595,13628.0,-0.4157998663511061,PT26S,-0.35715049253706804
-1.2162882145114335,-0.3094357528066709,17392.0,0.267456178003569,PT10M53S,0.20994886503366106
0.42842916268029396,1.13332607297282,1565736.0,2.040056551311072,PT42S,-0.34267905757513556
0.6340188348292599,-0.3112030017822186,28060.0,-0.24117735651270658,PT59S,-0.3273031579280823
-1.0106985423624675,-0.23322427322671846,64839.0,0.5266614660449433,PT2M8S,-0.2648950946547485
0.6340188348292599,-0.28037095178509375,36745.0,-0.06996544256958832,PT8M53S,0.10141310281916746
-4.711312641043854,-0.3313987408667697,65.0,-0.4471773485876935,PT33S,-0.3508192397412226
0.22283949053132804,-0.29174663305673265,5953.0,-0.3914709489647666,PT47S,-0.3381567341495316
0.6340188348292599,-0.29495348387724796,28875.0,-0.16637161987620472,PT10M49S,0.20633100629317794
0.6340188348292599,-0.32849094808224044,1310.0,-0.3416762488936605,PT11M28S,0.2416051290128884
-0.18833985376660384,-0.3302234472146407,1111.0,-0.39829214075532904,PT18M11S,0.6061043971165627
0.6340188348292599,-0.2932690224770318,25055.0,-0.038587960333000916,PT13M44S,0.36461232618931444
0.6340188348292599,-0.32066893153497406,13354.0,-0.28710671456916065,PT14M22S,0.39898198422390413
0.42842916268029396,0.07295063532841119,294250.0,1.5346062396303926,PT16M52S,0.5346516869920211
-0.18833985376660384,-0.33142567904181675,81.0,-0.4412656490358727,PT2M41S,-0.23504776004576272
-0.5995191980645357,-0.33067294026105415,356.0,-0.44581311022958103,PT1M4S,-0.3227808345024784
0.42842916268029396,-0.3315008160143696,30.0,-0.4424025143342998,PT3M25S,-0.1952513139004484
0.22283949053132804,-0.3315420487367137,20.0,-0.4469499755280081,PT17M16S,0.5563588394349198
0.42842916268029396,-0.33116515588403705,365.0,-0.4426298873939852,PT29M58S,1.2455609294969543
0.6340188348292599,-0.20463630608990593,210863.0,-0.33712878769995214,PT1M,-0.3263986932429615
0.42842916268029396,-0.31518888529725697,13506.0,-0.4351265764243665,PT27S,-0.35624602785194726
1.0451981791271918,-0.006218351520305006,10.0,-0.4469499755280081,PT1H1M49S,2.9739929427627647
0.6340188348292599,-0.28642680654773356,50297.0,0.37818685807036667,PT9M51S,0.1538720545561727
0.6340188348292599,-0.2898684503408939,30510.0,-0.05632305898846337,PT9M38S,0.14211401364960258
0.6340188348292599,-0.3315436996562607,19.0,-0.4471773485876935,PT1M56S,-0.2757486708761978
0.6340188348292599,-0.22014319206304797,100306.0,1.8918093163961809,PT2H49M43S,8.829497314234695
1.0451981791271918,-0.006218351520305006,0.0,-0.4471773485876935,PT55M13S,2.615824927454936
0.42842916268029396,-0.33147717967841644,67.0,-0.4435393796327268,PT21M3S,0.7616723229573369
0.6340188348292599,-0.31890595079045025,3030.0,-0.42648640015632067,PT10M31S,0.1900506419610039
0.6340188348292599,0.007435101096375996,217464.60837887067,-0.34576896396799794,PT58S,-0.3282076226132031
0.6340188348292599,-0.22679865275188527,105714.0,0.7058314370770512,PT12M44S,0.31034444508206765
-0.18833985376660384,0.2978523047062137,1692338.0,0.6128358556657161,PT1M,-0.3263986932429615
-1.0106985423624675,-0.33155755127392317,7.0,-0.4469499755280081,PT48S,-0.3372522694644109
0.42842916268029396,-0.3309568581568045,70.0,-0.44444887187146853,PT10S,-0.3716219274990005
-0.5995191980645357,-0.3314123106201192,182.0,-0.44604048328926643,PT6S,-0.3752397862394836
-0.5995191980645357,-0.3235900524748704,573.0,-0.4471773485876935,PT6S,-0.3752397862394836
